what,kind,bundleId,bundleVersion,description,time
started,bundle,org.eclipse.ui.net,1.2.100.I20100505-1245,"org.eclipse.ui.net",1501074191731
started,bundle,org.eclipse.ui.views,3.5.1.M20110202-0800,"org.eclipse.ui.views",1501074191731
started,bundle,org.eclipse.ui.workbench,3.6.2.M20110210-1200,"org.eclipse.ui.workbench",1501074191731
started,bundle,org.eclipse.ui.workbench.texteditor,3.6.1.r361_v20100714-0800,"org.eclipse.ui.workbench.texteditor",1501074191760
started,bundle,org.eclipse.update.configurator,3.3.100.v20100512,"org.eclipse.update.configurator",1501074191761
os,sysinfo,,,"linux",1501074191765
arch,sysinfo,,,"x86_64",1501074191765
ws,sysinfo,,,"gtk",1501074191765
locale,sysinfo,,,"en_IN",1501074191765
processors,sysinfo,,,"4",1501074191765
java.runtime.name,sysinfo,,,"OpenJDK Runtime Environment",1501074191765
java.runtime.version,sysinfo,,,"1.7.0_131-b00",1501074191765
java.specification.name,sysinfo,,,"Java Platform API Specification",1501074191765
java.specification.vendor,sysinfo,,,"Oracle Corporation",1501074191765
java.specification.version,sysinfo,,,"1.7",1501074191765
java.vendor,sysinfo,,,"Oracle Corporation",1501074191765
java.version,sysinfo,,,"1.7.0_131",1501074191765
java.vm.info,sysinfo,,,"mixed mode",1501074191765
java.vm.name,sysinfo,,,"OpenJDK 64-Bit Server VM",1501074191765
java.vm.specification.name,sysinfo,,,"Java Virtual Machine Specification",1501074191765
java.vm.specification.vendor,sysinfo,,,"Oracle Corporation",1501074191765
java.vm.specification.version,sysinfo,,,"1.7",1501074191765
java.vm.vendor,sysinfo,,,"Oracle Corporation",1501074191765
java.vm.version,sysinfo,,,"24.131-b00",1501074191765
started,bundle,org.eclipse.update.scheduler,3.2.300.v20100512,"org.eclipse.update.scheduler",1501074191889
activated,perspective,cdac.linkplus.plugins.common,,"cdac.linkplus.plugins.LinkPerspective.LinkPlus",1501074514058
started,bundle,org.eclipse.osgi,3.6.2.R36x_v20110210,"org.eclipse.osgi",1501074514058
started,bundle,cdac.linkplus.plugins.common,1.0.0.201411270007,"cdac.linkplus.plugins.common",1501074514058
started,bundle,cdac.linkplus.plugins.devicedriverdevelopment,1.0.0.201411270007,"cdac.linkplus.plugins.devicedriverdevelopment",1501074514058
started,bundle,cdac.linkplus.plugins.devicedriverdevelopment.example,1.0.0.201411270007,"cdac.linkplus.plugins.devicedriverdevelopment.example",1501074514058
started,bundle,com.google.eclipse.elt.emulator,1.1.2.201411270007,"com.google.eclipse.elt.emulator",1501074514059
started,bundle,com.google.eclipse.elt.pty,1.1.2.201411270007,"com.google.eclipse.elt.pty",1501074514059
started,bundle,com.google.eclipse.elt.view,1.1.2.201411270007,"com.google.eclipse.elt.view",1501074514059
started,bundle,com.ibm.icu,4.2.1.v20100412,"com.ibm.icu",1501074514059
started,bundle,org.eclipse.cdt.core,5.2.1.201102110609,"org.eclipse.cdt.core",1501074514060
started,bundle,org.eclipse.cdt.make.core,7.0.1.201102110609,"org.eclipse.cdt.make.core",1501074514060
started,bundle,org.eclipse.cdt.make.ui,7.0.0.201102110609,"org.eclipse.cdt.make.ui",1501074514060
started,bundle,org.eclipse.cdt.managedbuilder.core,7.0.2.201102110609,"org.eclipse.cdt.managedbuilder.core",1501074514061
started,bundle,org.eclipse.cdt.ui,5.2.2.201102110609,"org.eclipse.cdt.ui",1501074514061
started,bundle,org.eclipse.compare.core,3.5.101.R36x_v20100929-0800,"org.eclipse.compare.core",1501074514061
started,bundle,org.eclipse.core.contenttype,3.4.100.v20100505-1235,"org.eclipse.core.contenttype",1501074514062
started,bundle,org.eclipse.core.databinding.observable,1.3.0.I20100601-0800,"org.eclipse.core.databinding.observable",1501074514063
started,bundle,org.eclipse.core.expressions,3.4.200.v20100505,"org.eclipse.core.expressions",1501074514063
started,bundle,org.eclipse.core.filebuffers,3.5.100.v20100520-0800,"org.eclipse.core.filebuffers",1501074514063
started,bundle,org.eclipse.core.filesystem,1.3.1.R36x_v20100727-0745,"org.eclipse.core.filesystem",1501074514064
started,bundle,org.eclipse.core.jobs,3.5.1.R36x_v20100824,"org.eclipse.core.jobs",1501074514064
started,bundle,org.eclipse.core.net,1.2.100.I20100511-0800,"org.eclipse.core.net",1501074514064
started,bundle,org.eclipse.core.resources,3.6.1.R36x_v20110131-1630,"org.eclipse.core.resources",1501074514082
started,bundle,org.eclipse.core.runtime,3.6.0.v20100505,"org.eclipse.core.runtime",1501074514083
started,bundle,org.eclipse.core.runtime.compatibility,3.2.100.v20100505,"org.eclipse.core.runtime.compatibility",1501074514083
started,bundle,org.eclipse.core.runtime.compatibility.auth,3.2.200.v20100517,"org.eclipse.core.runtime.compatibility.auth",1501074514083
started,bundle,org.eclipse.core.variables,3.2.400.v20100505,"org.eclipse.core.variables",1501074514083
started,bundle,org.eclipse.debug.core,3.6.0.v20100519,"org.eclipse.debug.core",1501074514102
started,bundle,org.eclipse.debug.ui,3.6.3.v20101201_r362,"org.eclipse.debug.ui",1501074514136
started,bundle,org.eclipse.epp.usagedata.gathering,1.3.1.R201102081640,"org.eclipse.epp.usagedata.gathering",1501074514136
started,bundle,org.eclipse.epp.usagedata.recording,1.3.1.R201102081640,"org.eclipse.epp.usagedata.recording",1501074514136
started,bundle,org.eclipse.equinox.app,1.3.1.R36x_v20100803,"org.eclipse.equinox.app",1501074514137
started,bundle,org.eclipse.equinox.common,3.6.0.v20100503,"org.eclipse.equinox.common",1501074514137
started,bundle,org.eclipse.equinox.ds,1.2.1.R36x_v20100803,"org.eclipse.equinox.ds",1501074514137
started,bundle,org.eclipse.equinox.p2.core,2.0.3.R36x_v20110111,"org.eclipse.equinox.p2.core",1501074514138
started,bundle,org.eclipse.equinox.p2.engine,2.0.1.R36x_v20110201,"org.eclipse.equinox.p2.engine",1501074514138
started,bundle,org.eclipse.equinox.p2.metadata,2.0.1.R36x_v20101202,"org.eclipse.equinox.p2.metadata",1501074514149
started,bundle,org.eclipse.equinox.p2.metadata.repository,1.1.0.v20100513,"org.eclipse.equinox.p2.metadata.repository",1501074514150
started,bundle,org.eclipse.equinox.p2.operations,2.0.0.v20100510,"org.eclipse.equinox.p2.operations",1501074514150
started,bundle,org.eclipse.equinox.p2.repository,2.0.2.R36x_v20110111-1500,"org.eclipse.equinox.p2.repository",1501074514151
started,bundle,org.eclipse.equinox.p2.ui.sdk.scheduler,1.0.0.v20100507-1815,"org.eclipse.equinox.p2.ui.sdk.scheduler",1501074514151
started,bundle,org.eclipse.equinox.p2.updatechecker,1.1.101.R36x_v20100823,"org.eclipse.equinox.p2.updatechecker",1501074514152
started,bundle,org.eclipse.equinox.preferences,3.3.0.v20100503,"org.eclipse.equinox.preferences",1501074514152
started,bundle,org.eclipse.equinox.registry,3.5.0.v20100503,"org.eclipse.equinox.registry",1501074514152
started,bundle,org.eclipse.equinox.security,1.0.200.v20100503,"org.eclipse.equinox.security",1501074514153
started,bundle,org.eclipse.equinox.util,1.0.200.v20100503,"org.eclipse.equinox.util",1501074514153
started,bundle,org.eclipse.help,3.5.0.v20100524,"org.eclipse.help",1501074514154
started,bundle,org.eclipse.jface,3.6.2.M20110210-1200,"org.eclipse.jface",1501074514154
started,bundle,org.eclipse.jsch.core,1.1.200.I20100505-1245,"org.eclipse.jsch.core",1501074514155
started,bundle,org.eclipse.ltk.core.refactoring,3.5.101.r362_v20101117-0800,"org.eclipse.ltk.core.refactoring",1501074514155
started,bundle,org.eclipse.ltk.ui.refactoring,3.5.0.v20100526-0800,"org.eclipse.ltk.ui.refactoring",1501074514179
started,bundle,org.eclipse.mylyn.bugzilla.core,3.4.2.v20100902-0100-e3x,"org.eclipse.mylyn.bugzilla.core",1501074514180
started,bundle,org.eclipse.mylyn.bugzilla.ui,3.4.3.v20110131-0100-e3x,"org.eclipse.mylyn.bugzilla.ui",1501074514180
started,bundle,org.eclipse.mylyn.commons.net,3.4.1.v20100625-2100-e3x,"org.eclipse.mylyn.commons.net",1501074514180
started,bundle,org.eclipse.mylyn.commons.ui,3.4.0.v20100608-0100-e3x,"org.eclipse.mylyn.commons.ui",1501074514181
started,bundle,org.eclipse.mylyn.context.core,3.4.1.v20100909-0100-e3x,"org.eclipse.mylyn.context.core",1501074514181
started,bundle,org.eclipse.mylyn.context.ui,3.4.2.v20110131-0100-e3x,"org.eclipse.mylyn.context.ui",1501074514182
started,bundle,org.eclipse.mylyn.monitor.ui,3.4.1.v20110131-0100-e3x,"org.eclipse.mylyn.monitor.ui",1501074514182
started,bundle,org.eclipse.search,3.6.0.v20100520-0800,"org.eclipse.search",1501074514193
started,bundle,org.eclipse.team.core,3.5.101.R36x_v20110203-1036,"org.eclipse.team.core",1501074514202
started,bundle,org.eclipse.team.cvs.core,3.3.301.R36x_v20110119-0815,"org.eclipse.team.cvs.core",1501074514225
started,bundle,org.eclipse.team.cvs.ui,3.3.302.R36x_v20110203-1036,"org.eclipse.team.cvs.ui",1501074514270
started,bundle,org.eclipse.team.ui,3.5.102.R36x_v20110203-1036,"org.eclipse.team.ui",1501074514322
started,bundle,org.eclipse.ui,3.6.2.M20110203-1100,"org.eclipse.ui",1501074514323
started,bundle,org.eclipse.ui.console,3.5.0.v20100526,"org.eclipse.ui.console",1501074514324
started,bundle,org.eclipse.ui.editors,3.6.1.r361_v20100825-0800,"org.eclipse.ui.editors",1501074514324
started,bundle,org.eclipse.ui.externaltools,3.2.0.v20100427,"org.eclipse.ui.externaltools",1501074514348
started,bundle,org.eclipse.ui.forms,3.5.2.r36_v20100702,"org.eclipse.ui.forms",1501074514349
started,bundle,org.eclipse.ui.ide,3.6.2.M20101201-0800,"org.eclipse.ui.ide",1501074514374
started,bundle,org.eclipse.ui.navigator,3.5.0.I20100601-0800,"org.eclipse.ui.navigator",1501074514437
started,bundle,org.eclipse.ui.navigator.resources,3.4.202.M20101124-0800,"org.eclipse.ui.navigator.resources",1501074514437
started,bundle,org.eclipse.ui.net,1.2.100.I20100505-1245,"org.eclipse.ui.net",1501074514438
started,bundle,org.eclipse.ui.views,3.5.1.M20110202-0800,"org.eclipse.ui.views",1501074514438
started,bundle,org.eclipse.ui.workbench,3.6.2.M20110210-1200,"org.eclipse.ui.workbench",1501074514438
started,bundle,org.eclipse.ui.workbench.texteditor,3.6.1.r361_v20100714-0800,"org.eclipse.ui.workbench.texteditor",1501074514446
started,bundle,org.eclipse.update.configurator,3.3.100.v20100512,"org.eclipse.update.configurator",1501074514447
os,sysinfo,,,"linux",1501074514448
arch,sysinfo,,,"x86_64",1501074514448
ws,sysinfo,,,"gtk",1501074514448
locale,sysinfo,,,"en_IN",1501074514448
processors,sysinfo,,,"4",1501074514448
java.runtime.name,sysinfo,,,"OpenJDK Runtime Environment",1501074514448
java.runtime.version,sysinfo,,,"1.7.0_131-b00",1501074514448
java.specification.name,sysinfo,,,"Java Platform API Specification",1501074514448
java.specification.vendor,sysinfo,,,"Oracle Corporation",1501074514448
java.specification.version,sysinfo,,,"1.7",1501074514448
java.vendor,sysinfo,,,"Oracle Corporation",1501074514448
java.version,sysinfo,,,"1.7.0_131",1501074514448
java.vm.info,sysinfo,,,"mixed mode",1501074514448
java.vm.name,sysinfo,,,"OpenJDK 64-Bit Server VM",1501074514448
java.vm.specification.name,sysinfo,,,"Java Virtual Machine Specification",1501074514448
java.vm.specification.vendor,sysinfo,,,"Oracle Corporation",1501074514448
java.vm.specification.version,sysinfo,,,"1.7",1501074514448
java.vm.vendor,sysinfo,,,"Oracle Corporation",1501074514448
java.vm.version,sysinfo,,,"24.131-b00",1501074514448
started,bundle,org.eclipse.mylyn.tasks.ui,3.4.3.v20110131-0100-e3x,"org.eclipse.mylyn.tasks.ui",1501074514585
started,bundle,org.eclipse.mylyn.team.ui,3.4.3.v20110131-0100-e3x,"org.eclipse.mylyn.team.ui",1501074514734
started,bundle,org.eclipse.rse.services,3.2.200.201211090626,"org.eclipse.rse.services",1501074515197
started,bundle,org.eclipse.rse.core,3.3.100.201305201712,"org.eclipse.rse.core",1501074515247
started,bundle,org.eclipse.rse.ui,3.3.100.201305071605,"org.eclipse.rse.ui",1501074515464
started,bundle,org.eclipse.update.scheduler,3.2.300.v20100512,"org.eclipse.update.scheduler",1501074515659
started,bundle,org.eclipse.update.core,3.2.402.R36x_v20100629,"org.eclipse.update.core",1501074515698
started,bundle,org.eclipse.rse.subsystems.files.core,3.3.1.201211140039,"org.eclipse.rse.subsystems.files.core",1501074515950
started,bundle,org.eclipse.rse.subsystems.files.local,2.1.300.201205062159,"org.eclipse.rse.subsystems.files.local",1501074515951
started,bundle,org.eclipse.rse.connectorservice.local,2.1.400.201205062159,"org.eclipse.rse.connectorservice.local",1501074516141
started,bundle,org.eclipse.rse.services.local,2.1.500.201305211438,"org.eclipse.rse.services.local",1501074516142
started,bundle,org.eclipse.rse.files.ui,3.2.200.201305031537,"org.eclipse.rse.files.ui",1501074516345
started,bundle,org.eclipse.rse.subsystems.shells.core,3.1.300.201205141739,"org.eclipse.rse.subsystems.shells.core",1501074516487
started,bundle,org.eclipse.rse.subsystems.shells.local,2.1.400.201205062159,"org.eclipse.rse.subsystems.shells.local",1501074516487
deactivated,workbench,org.eclipse.ui.workbench,3.6.2.M20110210-1200,"",1501074526737
activated,workbench,org.eclipse.ui.workbench,3.6.2.M20110210-1200,"",1501074673594
activated,editor,org.eclipse.cdt.ui,5.2.2.201102110609,"org.eclipse.cdt.ui.editor.CEditor",1501074674631
opened,editor,org.eclipse.cdt.ui,5.2.2.201102110609,"org.eclipse.cdt.ui.editor.CEditor",1501074676364
activated,editor,org.eclipse.cdt.ui,5.2.2.201102110609,"org.eclipse.cdt.ui.editor.CEditor",1501074676381
started,bundle,cdac.linkplus.plugins.devicedriverdevelopment.quickAssist,1.0.0.201411270007,"cdac.linkplus.plugins.devicedriverdevelopment.quickAssist",1501075032019
executed,command,org.eclipse.ui,3.6.2.M20110203-1100,"org.eclipse.ui.edit.text.contentAssist.proposals",1501075032147
executed,command,org.eclipse.ui,3.6.2.M20110203-1100,"org.eclipse.ui.file.save",1501075044911
opened,view,org.eclipse.ui.console,3.5.0.v20100526,"org.eclipse.ui.console.ConsoleView",1501075045193
executed,command,org.eclipse.ui.ide,3.6.2.M20101201-0800,"org.eclipse.ui.project.buildAll",1501075045429
deactivated,workbench,org.eclipse.ui.workbench,3.6.2.M20110210-1200,"",1501075045843
activated,workbench,org.eclipse.ui.workbench,3.6.2.M20110210-1200,"",1501075048346
executed,command,org.eclipse.ui,3.6.2.M20110203-1100,"org.eclipse.ui.edit.text.contentAssist.proposals",1501075052786
executed,command,org.eclipse.ui,3.6.2.M20110203-1100,"org.eclipse.ui.edit.text.contentAssist.proposals",1501075061577
executed,command,org.eclipse.ui,3.6.2.M20110203-1100,"org.eclipse.ui.edit.text.contentAssist.proposals",1501075062827
executed,command,org.eclipse.ui,3.6.2.M20110203-1100,"org.eclipse.ui.edit.text.contentAssist.proposals",1501075063120
deactivated,workbench,org.eclipse.ui.workbench,3.6.2.M20110210-1200,"",1501075076603
activated,workbench,org.eclipse.ui.workbench,3.6.2.M20110210-1200,"",1501075121239
executed,command,org.eclipse.ui,3.6.2.M20110203-1100,"org.eclipse.ui.file.save",1501075130141
executed,command,org.eclipse.ui.ide,3.6.2.M20101201-0800,"org.eclipse.ui.project.buildAll",1501075130664
deactivated,workbench,org.eclipse.ui.workbench,3.6.2.M20110210-1200,"",1501075131024
activated,workbench,org.eclipse.ui.workbench,3.6.2.M20110210-1200,"",1501075131758
executed,command,org.eclipse.ui,3.6.2.M20110203-1100,"org.eclipse.ui.edit.text.contentAssist.proposals",1501075138263
executed,command,org.eclipse.ui,3.6.2.M20110203-1100,"org.eclipse.ui.edit.text.contentAssist.proposals",1501075138918
executed,command,org.eclipse.ui,3.6.2.M20110203-1100,"org.eclipse.ui.edit.text.contentAssist.proposals",1501075139197
executed,command,org.eclipse.ui,3.6.2.M20110203-1100,"org.eclipse.ui.edit.text.contentAssist.proposals",1501075139397
executed,command,org.eclipse.ui,3.6.2.M20110203-1100,"org.eclipse.ui.edit.text.contentAssist.proposals",1501075139729
executed,command,org.eclipse.ui,3.6.2.M20110203-1100,"org.eclipse.ui.file.saveAll",1501075158085
executed,command,org.eclipse.ui.ide,3.6.2.M20101201-0800,"org.eclipse.ui.project.buildAll",1501075169533
deactivated,workbench,org.eclipse.ui.workbench,3.6.2.M20110210-1200,"",1501075169853
activated,workbench,org.eclipse.ui.workbench,3.6.2.M20110210-1200,"",1501075170338
opened,view,org.eclipse.ui.ide,3.6.2.M20101201-0800,"org.eclipse.ui.views.ProblemView",1501075171476
activated,view,org.eclipse.ui.ide,3.6.2.M20101201-0800,"org.eclipse.ui.views.ProblemView",1501075171494
activated,view,org.eclipse.ui.console,3.5.0.v20100526,"org.eclipse.ui.console.ConsoleView",1501075173222
activated,view,com.google.eclipse.elt.view,1.1.2.201411270007,"com.google.eclipse.terminal.local.localTerminalView",1501075174379
activated,editor,org.eclipse.cdt.ui,5.2.2.201102110609,"org.eclipse.cdt.ui.editor.CEditor",1501075175487
activated,view,org.eclipse.ui.navigator.resources,3.4.202.M20101124-0800,"org.eclipse.ui.navigator.ProjectExplorer",1501075182875
activated,editor,org.eclipse.cdt.ui,5.2.2.201102110609,"org.eclipse.cdt.ui.editor.CEditor",1501075190384
activated,view,org.eclipse.ui.navigator.resources,3.4.202.M20101124-0800,"org.eclipse.ui.navigator.ProjectExplorer",1501075190412
opened,editor,org.eclipse.cdt.make.ui,7.0.0.201102110609,"org.eclipse.cdt.make.editor",1501075192221
activated,editor,org.eclipse.cdt.make.ui,7.0.0.201102110609,"org.eclipse.cdt.make.editor",1501075192245
activated,view,org.eclipse.ui.navigator.resources,3.4.202.M20101124-0800,"org.eclipse.ui.navigator.ProjectExplorer",1501075192265
activated,editor,org.eclipse.cdt.make.ui,7.0.0.201102110609,"org.eclipse.cdt.make.editor",1501075197968
executed,command,org.eclipse.ui.workbench.texteditor,3.6.1.r361_v20100714-0800,"org.eclipse.ui.edit.text.goto.lineEnd",1501075217037
executed,command,org.eclipse.ui,3.6.2.M20110203-1100,"org.eclipse.ui.file.save",1501075226630
executed,command,org.eclipse.ui.ide,3.6.2.M20101201-0800,"org.eclipse.ui.project.buildAll",1501075227631
deactivated,workbench,org.eclipse.ui.workbench,3.6.2.M20110210-1200,"",1501075227953
activated,workbench,org.eclipse.ui.workbench,3.6.2.M20110210-1200,"",1501075228535
activated,editor,org.eclipse.cdt.ui,5.2.2.201102110609,"org.eclipse.cdt.ui.editor.CEditor",1501075230635
deactivated,workbench,org.eclipse.ui.workbench,3.6.2.M20110210-1200,"",1501075255956
activated,workbench,org.eclipse.ui.workbench,3.6.2.M20110210-1200,"",1501075278185
executed,command,org.eclipse.ui,3.6.2.M20110203-1100,"org.eclipse.ui.edit.text.contentAssist.proposals",1501075288951
started,bundle,org.eclipse.cdt.debug.core,7.0.0.201102110609,"org.eclipse.cdt.debug.core",1501075370408
started,bundle,org.eclipse.cdt.debug.ui,7.0.0.201102110609,"org.eclipse.cdt.debug.ui",1501075370427
opened,editor,org.eclipse.cdt.ui,5.2.2.201102110609,"org.eclipse.cdt.ui.editor.CEditor",1501075370512
activated,editor,org.eclipse.cdt.ui,5.2.2.201102110609,"org.eclipse.cdt.ui.editor.CEditor",1501075370525
activated,editor,org.eclipse.cdt.ui,5.2.2.201102110609,"org.eclipse.cdt.ui.editor.CEditor",1501075373573
executed,command,org.eclipse.ui,3.6.2.M20110203-1100,"org.eclipse.ui.file.save",1501075402355
deactivated,workbench,org.eclipse.ui.workbench,3.6.2.M20110210-1200,"",1501075486356
activated,workbench,org.eclipse.ui.workbench,3.6.2.M20110210-1200,"",1501075559204
activated,view,com.google.eclipse.elt.view,1.1.2.201411270007,"com.google.eclipse.terminal.local.localTerminalView",1501075560513
activated,view,org.eclipse.ui.navigator.resources,3.4.202.M20101124-0800,"org.eclipse.ui.navigator.ProjectExplorer",1501075566765
deactivated,workbench,org.eclipse.ui.workbench,3.6.2.M20110210-1200,"",1501075572804
activated,workbench,org.eclipse.ui.workbench,3.6.2.M20110210-1200,"",1501075776652
activated,editor,org.eclipse.cdt.ui,5.2.2.201102110609,"org.eclipse.cdt.ui.editor.CEditor",1501075777416
deactivated,workbench,org.eclipse.ui.workbench,3.6.2.M20110210-1200,"",1501075819958
activated,perspective,cdac.linkplus.plugins.common,,"cdac.linkplus.plugins.LinkPerspective.LinkPlus",1501138813204
started,bundle,org.eclipse.osgi,3.6.2.R36x_v20110210,"org.eclipse.osgi",1501138813205
started,bundle,cdac.linkplus.plugins.common,1.0.0.201411270007,"cdac.linkplus.plugins.common",1501138813205
started,bundle,cdac.linkplus.plugins.devicedriverdevelopment,1.0.0.201411270007,"cdac.linkplus.plugins.devicedriverdevelopment",1501138813205
started,bundle,cdac.linkplus.plugins.devicedriverdevelopment.example,1.0.0.201411270007,"cdac.linkplus.plugins.devicedriverdevelopment.example",1501138813205
started,bundle,com.google.eclipse.elt.emulator,1.1.2.201411270007,"com.google.eclipse.elt.emulator",1501138813205
started,bundle,com.google.eclipse.elt.pty,1.1.2.201411270007,"com.google.eclipse.elt.pty",1501138813206
started,bundle,com.google.eclipse.elt.view,1.1.2.201411270007,"com.google.eclipse.elt.view",1501138813206
started,bundle,com.ibm.icu,4.2.1.v20100412,"com.ibm.icu",1501138813206
started,bundle,org.eclipse.cdt.core,5.2.1.201102110609,"org.eclipse.cdt.core",1501138813207
started,bundle,org.eclipse.cdt.make.core,7.0.1.201102110609,"org.eclipse.cdt.make.core",1501138813207
started,bundle,org.eclipse.cdt.make.ui,7.0.0.201102110609,"org.eclipse.cdt.make.ui",1501138813208
started,bundle,org.eclipse.cdt.managedbuilder.core,7.0.2.201102110609,"org.eclipse.cdt.managedbuilder.core",1501138813208
started,bundle,org.eclipse.cdt.ui,5.2.2.201102110609,"org.eclipse.cdt.ui",1501138813208
started,bundle,org.eclipse.compare.core,3.5.101.R36x_v20100929-0800,"org.eclipse.compare.core",1501138813209
started,bundle,org.eclipse.core.contenttype,3.4.100.v20100505-1235,"org.eclipse.core.contenttype",1501138813209
started,bundle,org.eclipse.core.databinding.observable,1.3.0.I20100601-0800,"org.eclipse.core.databinding.observable",1501138813210
started,bundle,org.eclipse.core.expressions,3.4.200.v20100505,"org.eclipse.core.expressions",1501138813210
started,bundle,org.eclipse.core.filebuffers,3.5.100.v20100520-0800,"org.eclipse.core.filebuffers",1501138813210
started,bundle,org.eclipse.core.filesystem,1.3.1.R36x_v20100727-0745,"org.eclipse.core.filesystem",1501138813211
started,bundle,org.eclipse.core.jobs,3.5.1.R36x_v20100824,"org.eclipse.core.jobs",1501138813211
started,bundle,org.eclipse.core.net,1.2.100.I20100511-0800,"org.eclipse.core.net",1501138813212
started,bundle,org.eclipse.core.resources,3.6.1.R36x_v20110131-1630,"org.eclipse.core.resources",1501138813221
started,bundle,org.eclipse.core.runtime,3.6.0.v20100505,"org.eclipse.core.runtime",1501138813221
started,bundle,org.eclipse.core.runtime.compatibility,3.2.100.v20100505,"org.eclipse.core.runtime.compatibility",1501138813222
started,bundle,org.eclipse.core.runtime.compatibility.auth,3.2.200.v20100517,"org.eclipse.core.runtime.compatibility.auth",1501138813222
started,bundle,org.eclipse.core.variables,3.2.400.v20100505,"org.eclipse.core.variables",1501138813222
started,bundle,org.eclipse.debug.core,3.6.0.v20100519,"org.eclipse.debug.core",1501138813249
started,bundle,org.eclipse.debug.ui,3.6.3.v20101201_r362,"org.eclipse.debug.ui",1501138813266
started,bundle,org.eclipse.epp.usagedata.gathering,1.3.1.R201102081640,"org.eclipse.epp.usagedata.gathering",1501138813266
started,bundle,org.eclipse.epp.usagedata.recording,1.3.1.R201102081640,"org.eclipse.epp.usagedata.recording",1501138813267
started,bundle,org.eclipse.equinox.app,1.3.1.R36x_v20100803,"org.eclipse.equinox.app",1501138813267
started,bundle,org.eclipse.equinox.common,3.6.0.v20100503,"org.eclipse.equinox.common",1501138813267
started,bundle,org.eclipse.equinox.ds,1.2.1.R36x_v20100803,"org.eclipse.equinox.ds",1501138813267
started,bundle,org.eclipse.equinox.p2.core,2.0.3.R36x_v20110111,"org.eclipse.equinox.p2.core",1501138813268
started,bundle,org.eclipse.equinox.p2.engine,2.0.1.R36x_v20110201,"org.eclipse.equinox.p2.engine",1501138813268
started,bundle,org.eclipse.equinox.p2.metadata,2.0.1.R36x_v20101202,"org.eclipse.equinox.p2.metadata",1501138813279
started,bundle,org.eclipse.equinox.p2.metadata.repository,1.1.0.v20100513,"org.eclipse.equinox.p2.metadata.repository",1501138813279
started,bundle,org.eclipse.equinox.p2.operations,2.0.0.v20100510,"org.eclipse.equinox.p2.operations",1501138813280
started,bundle,org.eclipse.equinox.p2.repository,2.0.2.R36x_v20110111-1500,"org.eclipse.equinox.p2.repository",1501138813280
started,bundle,org.eclipse.equinox.p2.ui.sdk.scheduler,1.0.0.v20100507-1815,"org.eclipse.equinox.p2.ui.sdk.scheduler",1501138813280
started,bundle,org.eclipse.equinox.p2.updatechecker,1.1.101.R36x_v20100823,"org.eclipse.equinox.p2.updatechecker",1501138813281
started,bundle,org.eclipse.equinox.preferences,3.3.0.v20100503,"org.eclipse.equinox.preferences",1501138813281
started,bundle,org.eclipse.equinox.registry,3.5.0.v20100503,"org.eclipse.equinox.registry",1501138813281
started,bundle,org.eclipse.equinox.security,1.0.200.v20100503,"org.eclipse.equinox.security",1501138813282
started,bundle,org.eclipse.equinox.util,1.0.200.v20100503,"org.eclipse.equinox.util",1501138813282
started,bundle,org.eclipse.help,3.5.0.v20100524,"org.eclipse.help",1501138813282
started,bundle,org.eclipse.jface,3.6.2.M20110210-1200,"org.eclipse.jface",1501138813283
started,bundle,org.eclipse.jsch.core,1.1.200.I20100505-1245,"org.eclipse.jsch.core",1501138813283
started,bundle,org.eclipse.ltk.core.refactoring,3.5.101.r362_v20101117-0800,"org.eclipse.ltk.core.refactoring",1501138813283
started,bundle,org.eclipse.ltk.ui.refactoring,3.5.0.v20100526-0800,"org.eclipse.ltk.ui.refactoring",1501138813301
started,bundle,org.eclipse.mylyn.bugzilla.core,3.4.2.v20100902-0100-e3x,"org.eclipse.mylyn.bugzilla.core",1501138813302
started,bundle,org.eclipse.mylyn.bugzilla.ui,3.4.3.v20110131-0100-e3x,"org.eclipse.mylyn.bugzilla.ui",1501138813302
started,bundle,org.eclipse.mylyn.commons.net,3.4.1.v20100625-2100-e3x,"org.eclipse.mylyn.commons.net",1501138813302
started,bundle,org.eclipse.mylyn.commons.ui,3.4.0.v20100608-0100-e3x,"org.eclipse.mylyn.commons.ui",1501138813302
started,bundle,org.eclipse.mylyn.context.core,3.4.1.v20100909-0100-e3x,"org.eclipse.mylyn.context.core",1501138813303
started,bundle,org.eclipse.mylyn.context.ui,3.4.2.v20110131-0100-e3x,"org.eclipse.mylyn.context.ui",1501138813303
started,bundle,org.eclipse.mylyn.monitor.ui,3.4.1.v20110131-0100-e3x,"org.eclipse.mylyn.monitor.ui",1501138813303
started,bundle,org.eclipse.search,3.6.0.v20100520-0800,"org.eclipse.search",1501138813332
started,bundle,org.eclipse.team.core,3.5.101.R36x_v20110203-1036,"org.eclipse.team.core",1501138813349
started,bundle,org.eclipse.team.cvs.core,3.3.301.R36x_v20110119-0815,"org.eclipse.team.cvs.core",1501138813362
started,bundle,org.eclipse.team.cvs.ui,3.3.302.R36x_v20110203-1036,"org.eclipse.team.cvs.ui",1501138813400
started,bundle,org.eclipse.team.ui,3.5.102.R36x_v20110203-1036,"org.eclipse.team.ui",1501138813419
started,bundle,org.eclipse.ui,3.6.2.M20110203-1100,"org.eclipse.ui",1501138813420
started,bundle,org.eclipse.ui.console,3.5.0.v20100526,"org.eclipse.ui.console",1501138813420
started,bundle,org.eclipse.ui.editors,3.6.1.r361_v20100825-0800,"org.eclipse.ui.editors",1501138813420
started,bundle,org.eclipse.ui.externaltools,3.2.0.v20100427,"org.eclipse.ui.externaltools",1501138813453
started,bundle,org.eclipse.ui.forms,3.5.2.r36_v20100702,"org.eclipse.ui.forms",1501138813454
started,bundle,org.eclipse.ui.ide,3.6.2.M20101201-0800,"org.eclipse.ui.ide",1501138813471
started,bundle,org.eclipse.ui.navigator,3.5.0.I20100601-0800,"org.eclipse.ui.navigator",1501138813493
started,bundle,org.eclipse.ui.navigator.resources,3.4.202.M20101124-0800,"org.eclipse.ui.navigator.resources",1501138813493
started,bundle,org.eclipse.ui.net,1.2.100.I20100505-1245,"org.eclipse.ui.net",1501138813493
started,bundle,org.eclipse.ui.views,3.5.1.M20110202-0800,"org.eclipse.ui.views",1501138813493
started,bundle,org.eclipse.ui.workbench,3.6.2.M20110210-1200,"org.eclipse.ui.workbench",1501138813494
started,bundle,org.eclipse.ui.workbench.texteditor,3.6.1.r361_v20100714-0800,"org.eclipse.ui.workbench.texteditor",1501138813510
